{
  "seed": 7,
  "quick": false,
  "fig1_psd_models": {
    "kg_tau_d_s": 1.0919078559576261e-08,
    "welch_vs_kg_worst_octave_db": 0.07933954699841766,
    "var_eq129_K2": 2.8657871467363605e-11,
    "kg_geometry": {
      "trn_R_m": 0.0009298,
      "trn_da_m": 2.2e-06,
      "trn_db_m": 4e-07
    }
  },
  "figs234_8_soliton": {
    "U_off_mean_J": 6.218044720931785e-22,
    "U_on_mean_J": 6.228070832194716e-22,
    "U_on_relstd": 0.03572346920128624,
    "thermal_shift_kappa_mean": -0.0010542156928125862,
    "noise_part_kappa_rms": 0.25451408319385316,
    "timing_jitter_rms_s": 1.0472654177259996e-16,
    "rf_beatnote": {
      "off": {
        "rms_rel": 5.779678147518534e-05
      },
      "on": {
        "rms_rel": 0.024825090398528225
      }
    }
  },
  "fig5_trn_frep": {
    "d1_over_omega0": 0.00012718798949905538,
    "c_pull_rad_s_K": 15921843504.939413,
    "trn_only_band_median_ratio_db": -2906.0461962350228,
    "trn_only_band_max_abs_ratio_db": 2927.482365298928,
    "quantum_stack_median_ratio_db": 45.99553165610331,
    "mu_fix_trn_only_band_median": -44.80422695319729,
    "mu_fix_predicted_minus_omega0_over_d1": -7862.377602937319
  },
  "fig6_linewidth": {
    "probe_mus": [
      -240,
      -160,
      -80,
      80,
      160,
      240
    ],
    "linewidths_hz": [
      73459998.84655191,
      110695570.83882986,
      95176173.24869701,
      70477413.74223551,
      108428888.98698267,
      88797559.27909394
    ],
    "parabola_coef_fwhm2": [
      -23632032067.33042,
      1062989433450.2858,
      9258690213878546.0
    ],
    "mu_fix": 22.490436506300107,
    "curvature_positive_and_significant": false,
    "pump_h0_hz2_per_hz": 3000000.0
  },
  "fig7_quiet_point": {
    "measured D_int": {
      "quiet_point_dw_over_kappa": 8.083333333333332,
      "quiet_point_S_rep": 0.005859378570337198,
      "quiet_point_depth_ratio": 164.1432140564174
    },
    "Taylor D2": {
      "quiet_point_dw_over_kappa": 7.5,
      "quiet_point_S_rep": 0.009143576097065703,
      "quiet_point_depth_ratio": 109.15305475936108
    },
    "f_offset_hz": 200000000.0
  },
  "performance": {
    "n_tau": 8192,
    "t_slow": 2000,
    "base_s": 5.485229969024658,
    "probes_s": 5.480602025985718,
    "fsr_s": 5.450772762298584,
    "probe_overhead_pct": -0.08437099383389324,
    "fsr_overhead_pct": -0.6281816244834926,
    "scan_body_primitives_all_new_channels_off": 271
  }
}