{
  "seed": 7,
  "quick": false,
  "fig1_psd_models": {
    "kg_tau_d_s": 1.0919078559576261e-08,
    "welch_vs_kg_worst_octave_db": 0.07933954699841766,
    "var_eq129_K2": 2.8657871467363605e-11,
    "kg_geometry": {
      "trn_R_m": 0.0009298,
      "trn_da_m": 2.2e-06,
      "trn_db_m": 4e-07
    }
  },
  "figs234_8_soliton": {
    "U_off_mean_J": 6.218044720931785e-22,
    "U_on_mean_J": 6.228070832194716e-22,
    "U_on_relstd": 0.03572346920128624,
    "thermal_shift_kappa_mean": -0.0010542156928125862,
    "noise_part_kappa_rms": 0.25451408319385316,
    "timing_jitter_rms_s": 1.0472654177259996e-16,
    "rf_beatnote": {
      "off": {
        "rms_rel": 5.779678147518534e-05
      },
      "on": {
        "rms_rel": 0.024825090398528225
      }
    }
  },
  "fig5_trn_frep": {
    "d1_over_omega0": 0.00012718798949905538,
    "c_pull_rad_s_K": 15921843504.939413,
    "trn_only_srep_band_median_ratio_db": 2.8916730444714136,
    "trn_only_srep_band_max_abs_ratio_db": 27.428159433906004,
    "trn_only_sc_band_median_ratio_db": 2.7787937219945498,
    "quantum_stack_srep_band_median_ratio_db": 55.49381212636207,
    "mu_fix_inferred_from_sc_over_srep": -7446.727609172643,
    "mu_fix_predicted_minus_omega0_over_d1": -7862.377602937319
  },
  "fig6_linewidth": {
    "probe_mus": [
      -240,
      -160,
      -80,
      80,
      160,
      240
    ],
    "linewidths_hz": [
      115266117.95566095,
      142250946.78523552,
      135153590.01272258,
      89390351.98432416,
      152064658.46212643,
      114128271.6390327
    ],
    "parabola_coef_fwhm2": [
      -26703098848.721317,
      -2358146234552.5737,
      1.678547596421327e+16
    ],
    "mu_fix_parabola_vertex": -44.15491714860453,
    "mu_fix_direct_csd": -42.921060417301895,
    "curvature_positive_and_significant": false,
    "pump_h0_hz2_per_hz": 3000000.0
  },
  "fig7_quiet_point": {
    "measured D_int": {
      "quiet_point_dw_over_kappa": 12.5,
      "quiet_point_S_rep": 4.4329912218770074e-05,
      "quiet_point_depth_ratio": 47879.11035587347,
      "dw_over_kappa": [
        12.5,
        12.25,
        12.0,
        11.75,
        11.5,
        11.25,
        11.0,
        10.75,
        10.5,
        10.25,
        10.0,
        9.75,
        9.5,
        9.25,
        9.0,
        8.75,
        8.5,
        8.25,
        8.0,
        7.75,
        7.5
      ],
      "S_rep_at_offset": [
        4.4329912218770074e-05,
        7.6100262420743e-05,
        0.00011779770374631007,
        0.00023369164573120715,
        0.00040694728505650743,
        0.0005409308667073675,
        0.001131368788674322,
        0.0016674673311564171,
        0.004061761464528452,
        0.006212627350677696,
        0.01129171812076663,
        0.024386315025749554,
        0.05190676906457622,
        0.20353708440497556,
        2.122476759188676,
        2.112634444735866,
        2.048983426964116,
        1.001717485519333,
        0.24329037248452057,
        0.033961534384232356,
        0.19086206199220704
      ]
    },
    "Taylor D2": {
      "quiet_point_dw_over_kappa": 12.0,
      "quiet_point_S_rep": 1.1355322727042787e-26,
      "quiet_point_depth_ratio": 112.87390961598223,
      "dw_over_kappa": [
        12.5,
        12.25,
        12.0,
        11.75,
        11.5,
        11.25,
        11.0,
        10.75,
        10.5,
        10.25,
        10.0,
        9.75,
        9.5,
        9.25,
        9.0,
        8.75,
        8.5,
        8.25,
        8.0,
        7.75,
        7.5
      ],
      "S_rep_at_offset": [
        1.8453055437073726e-26,
        1.8614679334291128e-26,
        1.1355322727042787e-26,
        2.5260820325811929e-26,
        2.6413821890237775e-26,
        2.9094759565285403e-26,
        5.192180052405636e-26,
        4.789848965801971e-26,
        3.9049948033889603e-26,
        5.99146617228507e-26,
        7.47805281743474e-26,
        9.946920238572704e-26,
        1.4587083346185196e-25,
        2.3277047742717205e-25,
        2.4476089628825196e-25,
        4.726704047818544e-25,
        7.222980660263351e-25,
        7.511272434110474e-25,
        1.2409403564497316e-24,
        8.48633352535947e-25,
        1.2817196711525363e-24
      ]
    },
    "f_offset_hz": 200000000.0
  },
  "performance": {
    "n_tau": 8192,
    "t_slow": 2000,
    "base_s": 5.485229969024658,
    "probes_s": 5.480602025985718,
    "fsr_s": 5.450772762298584,
    "probe_overhead_pct": -0.08437099383389324,
    "fsr_overhead_pct": -0.6281816244834926,
    "scan_body_primitives_all_new_channels_off": 271
  }
}